{"cameraMode":{"drawMode":0,"name":"Shaded","section":"Shading Mode"},"sceneLighting":true,"audioPlay":false,"sceneViewState":{"showFog":true,"showMaterialUpdate":true,"showSkybox":true,"showFlares":true,"showImageEffects":true,"showParticleSystems":true},"in2DMode":false,"pivot":{"x":-87.51700592041016,"y":506.22125244140627,"z":443.5584716796875},"rotation":{"x":-0.04138585925102234,"y":0.004496130160987377,"z":-0.00018618731701280922,"w":-0.9991331100463867},"size":1752.90771484375,"orthographic":false}