{"cameraMode":{"drawMode":0,"name":"Shaded","section":"Shading Mode"},"sceneLighting":true,"audioPlay":false,"sceneViewState":{"showFog":true,"showMaterialUpdate":true,"showSkybox":true,"showFlares":true,"showImageEffects":true,"showParticleSystems":true},"in2DMode":false,"pivot":{"x":-471.1797180175781,"y":0.30126953125,"z":1499.6097412109375},"rotation":{"x":-0.7197238206863403,"y":0.0027361251413822176,"z":-0.003175049554556608,"w":-0.694247841835022},"size":564.8974609375,"orthographic":false}