{"cameraMode":{"drawMode":0,"name":"Shaded","section":"Shading Mode"},"sceneLighting":true,"audioPlay":false,"sceneViewState":{"showFog":true,"showMaterialUpdate":true,"showSkybox":true,"showFlares":true,"showImageEffects":true,"showParticleSystems":true},"in2DMode":false,"pivot":{"x":392.33355712890627,"y":262.2200012207031,"z":14.61700439453125},"rotation":{"x":-0.051874447613954547,"y":-0.0029959555249661209,"z":0.00015568615344818681,"w":-0.9986491203308106},"size":637.0682983398438,"orthographic":false}