{"cameraMode":{"drawMode":0,"name":"Shaded","section":"Shading Mode"},"sceneLighting":true,"audioPlay":false,"sceneViewState":{"showFog":true,"showMaterialUpdate":true,"showSkybox":true,"showFlares":true,"showImageEffects":true,"showParticleSystems":true},"in2DMode":false,"pivot":{"x":317.9508361816406,"y":214.6570587158203,"z":38.105010986328128},"rotation":{"x":-0.11017388850450516,"y":0.0014908708399161697,"z":-0.00016521065845154226,"w":-0.9939112663269043},"size":566.7423706054688,"orthographic":false}