{"cameraMode":{"drawMode":0,"name":"Shaded","section":"Shading Mode"},"sceneLighting":true,"audioPlay":false,"sceneViewState":{"showFog":true,"showMaterialUpdate":true,"showSkybox":true,"showFlares":true,"showImageEffects":true,"showParticleSystems":true},"in2DMode":false,"pivot":{"x":1073.2056884765625,"y":177.0185546875,"z":739.0726928710938},"rotation":{"x":0.7071152329444885,"y":-0.00025563157396391034,"z":0.0005806471453979611,"w":0.707098126411438},"size":2738.350830078125,"orthographic":false}