{"cameraMode":{"drawMode":0,"name":"Shaded","section":"Shading Mode"},"sceneLighting":true,"audioPlay":false,"sceneViewState":{"showFog":true,"showMaterialUpdate":true,"showSkybox":true,"showFlares":true,"showImageEffects":true,"showParticleSystems":true},"in2DMode":false,"pivot":{"x":94.7485122680664,"y":509.25103759765627,"z":415.3394775390625},"rotation":{"x":-0.012910444289445877,"y":-0.0018184498185291887,"z":-0.0002120488352375105,"w":-0.9999150037765503},"size":1647.91455078125,"orthographic":false}