{"cameraMode":{"drawMode":0,"name":"Shaded","section":"Shading Mode"},"sceneLighting":true,"audioPlay":false,"sceneViewState":{"showFog":true,"showMaterialUpdate":true,"showSkybox":true,"showFlares":true,"showImageEffects":true,"showParticleSystems":true},"in2DMode":false,"pivot":{"x":369.33526611328127,"y":313.0495300292969,"z":-146.98162841796876},"rotation":{"x":-0.07523847371339798,"y":-0.0038919304497539999,"z":0.00029409778653644025,"w":-0.9971579313278198},"size":485.7618408203125,"orthographic":false}