{"cameraMode":{"drawMode":0,"name":"Shaded","section":"Shading Mode"},"sceneLighting":true,"audioPlay":false,"sceneViewState":{"showFog":true,"showMaterialUpdate":true,"showSkybox":true,"showFlares":true,"showImageEffects":true,"showParticleSystems":true},"in2DMode":false,"pivot":{"x":31.787689208984376,"y":61.158203125,"z":1187.9097900390625},"rotation":{"x":0.7186701893806458,"y":-0.003374359104782343,"z":0.00381897552870214,"w":0.695332407951355},"size":4729.16357421875,"orthographic":false}