{"cameraMode":{"drawMode":0,"name":"Shaded","section":"Shading Mode"},"sceneLighting":true,"audioPlay":false,"sceneViewState":{"showFog":true,"showMaterialUpdate":true,"showSkybox":true,"showFlares":true,"showImageEffects":true,"showParticleSystems":true},"in2DMode":false,"pivot":{"x":2.8079023361206056,"y":541.39599609375,"z":1564.6683349609375},"rotation":{"x":-0.01081002689898014,"y":-0.0024028890766203405,"z":0.000026412228180561215,"w":-0.9999387264251709},"size":2608.367919921875,"orthographic":false}