{"cameraMode":{"drawMode":0,"name":"Shaded","section":"Shading Mode"},"sceneLighting":true,"audioPlay":false,"sceneViewState":{"showFog":true,"showMaterialUpdate":true,"showSkybox":true,"showFlares":true,"showImageEffects":true,"showParticleSystems":true},"in2DMode":false,"pivot":{"x":-2315.004150390625,"y":1163.1666259765625,"z":3102.4697265625},"rotation":{"x":-0.43553680181503298,"y":0.029696492478251458,"z":-0.014377881772816182,"w":-0.899566113948822},"size":3243.0087890625,"orthographic":false}