{"cameraMode":{"drawMode":0,"name":"Shaded","section":"Shading Mode"},"sceneLighting":true,"audioPlay":false,"sceneViewState":{"showFog":true,"showMaterialUpdate":true,"showSkybox":true,"showFlares":true,"showImageEffects":true,"showParticleSystems":true},"in2DMode":false,"pivot":{"x":-4.102705478668213,"y":504.6681213378906,"z":76.67373657226563},"rotation":{"x":-0.02190961316227913,"y":-0.004819544497877359,"z":-0.00012994417920708656,"w":-0.9997484087944031},"size":473.19976806640627,"orthographic":false}