{"cameraMode":{"drawMode":0,"name":"Shaded","section":"Shading Mode"},"sceneLighting":true,"audioPlay":false,"sceneViewState":{"showFog":true,"showMaterialUpdate":true,"showSkybox":true,"showFlares":true,"showImageEffects":true,"showParticleSystems":true},"in2DMode":false,"pivot":{"x":1264.8502197265625,"y":75.500732421875,"z":418.4532775878906},"rotation":{"x":0.6939728856086731,"y":0.02132301963865757,"z":-0.02024896815419197,"w":0.7194004058837891},"size":1549.830078125,"orthographic":false}