{"cameraMode":{"drawMode":0,"name":"Shaded","section":"Shading Mode"},"sceneLighting":true,"audioPlay":false,"sceneViewState":{"showFog":true,"showMaterialUpdate":true,"showSkybox":true,"showFlares":true,"showImageEffects":true,"showParticleSystems":true},"in2DMode":false,"pivot":{"x":1231.001220703125,"y":-851.6893310546875,"z":192.562255859375},"rotation":{"x":0.7432292699813843,"y":0.004792922176420689,"z":-0.004980951547622681,"w":0.6690011620521545},"size":2905.829345703125,"orthographic":false}