{"cameraMode":{"drawMode":0,"name":"Shaded","section":"Shading Mode"},"sceneLighting":true,"audioPlay":false,"sceneViewState":{"showFog":true,"showMaterialUpdate":true,"showSkybox":true,"showFlares":true,"showImageEffects":true,"showParticleSystems":true},"in2DMode":false,"pivot":{"x":408.22161865234377,"y":257.530517578125,"z":169.5592041015625},"rotation":{"x":0.12209554761648178,"y":0.006885407958179712,"z":-0.0006148855900391936,"w":0.9924942851066589},"size":789.8494873046875,"orthographic":false}