{"cameraMode":{"drawMode":0,"name":"Shaded","section":"Shading Mode"},"sceneLighting":true,"audioPlay":false,"sceneViewState":{"showFog":true,"showMaterialUpdate":true,"showSkybox":true,"showFlares":true,"showImageEffects":true,"showParticleSystems":true},"in2DMode":false,"pivot":{"x":10.779163360595704,"y":446.109130859375,"z":191.1947021484375},"rotation":{"x":0.03599126264452934,"y":-0.007495057303458452,"z":0.00027012007194571197,"w":0.9993240237236023},"size":1398.127197265625,"orthographic":false}