{"cameraMode":{"drawMode":0,"name":"Shaded","section":"Shading Mode"},"sceneLighting":true,"audioPlay":false,"sceneViewState":{"showFog":true,"showMaterialUpdate":true,"showSkybox":true,"showFlares":true,"showImageEffects":true,"showParticleSystems":true},"in2DMode":false,"pivot":{"x":-34.796295166015628,"y":519.9689331054688,"z":255.0230712890625},"rotation":{"x":-0.0009094587294384837,"y":0.004184208810329437,"z":-0.0002393028262304142,"w":-0.9999908804893494},"size":1597.8385009765625,"orthographic":false}