{"cameraMode":{"drawMode":0,"name":"Shaded","section":"Shading Mode"},"sceneLighting":true,"audioPlay":false,"sceneViewState":{"showFog":true,"showMaterialUpdate":true,"showSkybox":true,"showFlares":true,"showImageEffects":true,"showParticleSystems":true},"in2DMode":false,"pivot":{"x":2103.604248046875,"y":2.0,"z":927.7083740234375},"rotation":{"x":0.7269703149795532,"y":-0.0012682885862886906,"z":0.0016782872844487429,"w":0.6866656541824341},"size":1239.8240966796875,"orthographic":false}