{"cameraMode":{"drawMode":0,"name":"Shaded","section":"Shading Mode"},"sceneLighting":true,"audioPlay":false,"sceneViewState":{"showFog":true,"showMaterialUpdate":true,"showSkybox":true,"showFlares":true,"showImageEffects":true,"showParticleSystems":true},"in2DMode":false,"pivot":{"x":800.7305297851563,"y":214.539306640625,"z":886.8375244140625},"rotation":{"x":0.09825021028518677,"y":0.0009268562425859273,"z":0.00013969566498417407,"w":0.9951613545417786},"size":2075.541015625,"orthographic":false}