{"cameraMode":{"drawMode":0,"name":"Shaded","section":"Shading Mode"},"sceneLighting":true,"audioPlay":false,"sceneViewState":{"showFog":true,"showMaterialUpdate":true,"showSkybox":true,"showFlares":true,"showImageEffects":true,"showParticleSystems":true},"in2DMode":false,"pivot":{"x":28.029647827148439,"y":517.9840698242188,"z":74.396484375},"rotation":{"x":-0.03330330178141594,"y":-0.0009019153658300638,"z":0.000030117720598354936,"w":-0.9994449019432068},"size":1297.553466796875,"orthographic":false}