{"cameraMode":{"drawMode":0,"name":"Shaded","section":"Shading Mode"},"sceneLighting":true,"audioPlay":false,"sceneViewState":{"showFog":true,"showMaterialUpdate":true,"showSkybox":true,"showFlares":true,"showImageEffects":true,"showParticleSystems":true},"in2DMode":false,"pivot":{"x":2962.35107421875,"y":388.8410949707031,"z":2666.509521484375},"rotation":{"x":-0.5963905453681946,"y":0.0024080106522887947,"z":-0.0017892069881781936,"w":-0.802688717842102},"size":1498.53662109375,"orthographic":false}