{"cameraMode":{"drawMode":0,"name":"Shaded","section":"Shading Mode"},"sceneLighting":true,"audioPlay":false,"sceneViewState":{"showFog":true,"showMaterialUpdate":true,"showSkybox":true,"showFlares":true,"showImageEffects":true,"showParticleSystems":true},"in2DMode":false,"pivot":{"x":170.08807373046876,"y":159.5026397705078,"z":372.2073974609375},"rotation":{"x":-0.11017388850450516,"y":0.0014908708399161697,"z":-0.00016521065845154226,"w":-0.9939112663269043},"size":2013.8973388671875,"orthographic":false}