{"cameraMode":{"drawMode":0,"name":"Shaded","section":"Shading Mode"},"sceneLighting":true,"audioPlay":false,"sceneViewState":{"showFog":true,"showMaterialUpdate":true,"showSkybox":true,"showFlares":true,"showImageEffects":true,"showParticleSystems":true},"in2DMode":false,"pivot":{"x":-166.20584106445313,"y":-416.73822021484377,"z":1481.330322265625},"rotation":{"x":-0.13393324613571168,"y":0.029725026339292527,"z":-0.004019172862172127,"w":-0.9905363321304321},"size":2131.185546875,"orthographic":false}