{"cameraMode":{"drawMode":0,"name":"Shaded","section":"Shading Mode"},"sceneLighting":true,"audioPlay":false,"sceneViewState":{"showFog":true,"showMaterialUpdate":true,"showSkybox":true,"showFlares":true,"showImageEffects":true,"showParticleSystems":true},"in2DMode":false,"pivot":{"x":344.274169921875,"y":260.7223815917969,"z":131.2640380859375},"rotation":{"x":-0.06775590777397156,"y":-0.00688703591004014,"z":0.00046792090870440006,"w":-0.9976781010627747},"size":940.4895629882813,"orthographic":false}